{
	"info": {
		"_postman_id": "9ab92adf-3de1-4170-8937-08fd815a084e",
		"name": "Twilio",
		"schema": "https://schema.getpostman.com/json/collection/v2.1.0/collection.json"
	},
	"item": [
		{
			"name": "Twilio Lookup",
			"request": {
				"auth": {
					"type": "basic",
					"basic": [
						{
							"key": "password",
							"value": "1afccaeab4d0a62551c2a092fe75de04",
							"type": "string"
						},
						{
							"key": "username",
							"value": "AC2db8710e7d28e90f055b7f6c098e191e",
							"type": "string"
						}
					]
				},
				"method": "GET",
				"header": [],
				"body": {
					"mode": "raw",
					"raw": ""
				},
				"url": {
					"raw": "https://lookups.twilio.com/v1/PhoneNumbers/447869696966",
					"protocol": "https",
					"host": [
						"lookups",
						"twilio",
						"com"
					],
					"path": [
						"v1",
						"PhoneNumbers",
						"447869696966"
					]
				},
				"description": "Twilio Lookup"
			},
			"response": []
		}
	]
}